Name,Math,Physics,CS,Average,Grade,Result
Asha,78,85,90,84.33333333333333,B,Pass
Rahul,45,52,60,52.333333333333336,C,Pass
Meena,92,88,95,91.66666666666667,A,Pass
Kiran,60,58,65,61.0,C,Pass
Sita,35,40,42,39.0,D,Pass
